1.000000000000000000e+02,-9.000000000000000000e+01,-9.000000000000000000e+01,0.000000000000000000e+00,2.169609069824218750e-05,1.000000000000000000e+01,1.000000000000000000e+01,1.000000000000000000e+01,1.000000000000000000e+01,0.000000000000000000e+00,0.000000000000000000e+00,1.000000000000000000e+01,1.000000000000000000e+01,1.000000000000000000e+01,1.000000000000000000e+01
1.947727272727272663e+01,7.790909090909096335e+01,-2.645454545454542483e+01,-1.043636363636363882e+02,2.369880676269531250e-04,3.303030303030297432e+00,2.484848484848484418e+00,8.515151515151513806e+00,5.727272727272727515e+00,-1.484848484848485750e+00,-4.272727272727272485e+00,6.696969696969702568e+00,7.515151515151515582e+00,1.484848484848486194e+00,4.272727272727272485e+00
3.619198383783534645e+00,1.447679353513414569e+01,-2.977428976666043425e+01,-4.425108330179457994e+01,2.222061157226562500e-04,3.751636273421225631e+00,2.754027099888576302e+00,5.733764433116711245e+00,4.740309526801619100e+00,-7.609198871521047902e-01,-1.530249049087959889e+00,3.348484848484849508e-01,5.823378724801280271e-01,7.609198871521047902e-01,1.530249049087959889e+00
1.322541804353979611e+00,5.290167217415927325e+00,-3.520518825976981248e+01,-4.049535547718573980e+01,3.361701965332031250e-04,4.142867065661450354e+00,3.622713232865639732e+00,2.040238205961454998e+00,2.611706468607268405e+00,-7.682210763636059259e-01,-1.246337370448397319e+00,8.744275226642744814e-02,2.911689362400637915e-02,7.682210763636060369e-01,1.246337370448397541e+00
4.122182711552508927e-01,1.648873084620987584e+00,-3.847622273451146668e+01,-4.012509581913245427e+01,2.703666687011718750e-04,4.038662183026386465e+00,4.570727954844882923e+00,6.652331751783060465e-01,8.198819072838485766e-01,-7.571815566477538839e-01,-1.243546365692846045e+00,2.945414893161545089e-02,1.455844681200319651e-03,7.571815566477539949e-01,1.243546365692846045e+00
5.447335083395454802e-02,2.178934033358288502e-01,-3.979908414616983237e+01,-4.001697754950566122e+01,2.725124359130859375e-04,4.002857699925107759e+00,4.946198911636072282e+00,9.331367710231031065e-02,1.047444768027431250e-01,-7.510292502417024174e-01,-1.249007145875327796e+00,4.153397083839119319e-03,7.279223406001606930e-05,7.510292502417023064e-01,1.249007145875327573e+00
3.281201056440077521e-03,1.312480422579653805e-02,-3.998790546489458819e+01,-4.000103026912038473e+01,2.067089080810546875e-04,4.000122576404896435e+00,4.996823145717526060e+00,5.740826540436436143e-03,6.231132160038233003e-03,-7.500627994899040640e-01,-1.249939020315947280e+00,2.530177654675473328e-04,3.639611703000803465e-06,7.500627994899038420e-01,1.249939020315947502e+00
1.660407491695335409e-04,6.641629967418793967e-04,-3.999938799088656793e+01,-4.000005215388330981e+01,2.248287200927734375e-04,4.000006016586248769e+00,4.999839476988831244e+00,2.909630911059933947e-04,3.150294360307675720e-04,-7.500031800012008087e-01,-1.249996910989091825e+00,1.281099509610730196e-05,1.819805851500403427e-07,7.500031800012006977e-01,1.249996910989092047e+00
8.307101617287413408e-06,3.322840647967950645e-05,-3.999996938092382948e+01,-4.000000260933030916e+01,4.420280456542968750e-04,4.000000300534937381e+00,4.999991969562286975e+00,1.455820073744486026e-05,1.576034048551719314e-05,-7.500001591023189862e-01,-1.249999845447195668e+00,6.409587907205024194e-07,9.099029257502006545e-09,7.500001591023188752e-01,1.249999845447195668e+00
4.153677557027612685e-07,1.661471038971740199e-06,-3.999999846899957845e+01,-4.000000013047061742e+01,2.608299255371093750e-04,4.000000015025982236e+00,4.999999598467417705e+00,7.279351834372152085e-07,7.880392199342951088e-07,-7.500000079553720278e-01,-1.249999992272103899e+00,3.204896325022255494e-08,4.549514628751009890e-10,7.500000079553720278e-01,1.249999992272103677e+00
2.076841947404005231e-08,8.307366528015336371e-08,-3.999999992344987731e+01,-4.000000000652354260e+01,2.281665802001953125e-04,4.000000000751289697e+00,4.999999979923358318e+00,3.639682204216529460e-08,3.940201648885532746e-08,-7.500000003977691510e-01,-1.249999999613604862e+00,1.602450721937081100e-09,2.274757314375511149e-11,7.500000003977691510e-01,1.249999999613604640e+00
1.038421052924574544e-09,4.153605459578102455e-09,-3.999999999617257629e+01,-4.000000000032618175e+01,2.162456512451171875e-04,4.000000000037553960e+00,4.999999998996202066e+00,1.819841259284664569e-09,1.970100963173667210e-09,-7.500000000198884242e-01,-1.249999999980680343e+00,8.012254249544454293e-11,1.137378657187756221e-12,7.500000000198884242e-01,1.249999999980680121e+00
5.192105284429580007e-11,2.073647920042276382e-10,-3.999999999980894216e+01,-4.000000000001630696e+01,2.069473266601562500e-04,4.000000000001872280e+00,4.999999999949895191e+00,9.099206335719294717e-11,9.850504850553111012e-11,-7.500000000009944268e-01,-1.249999999999033884e+00,4.006127140769429734e-12,5.686893285938785142e-14,7.500000000009943157e-01,1.249999999999033884e+00
2.596052642708762313e-12,1.060129761754069477e-11,-3.999999999999020872e+01,-4.000000000000081002e+01,2.861022949218750000e-04,4.000000000000072831e+00,4.999999999997462474e+00,4.549603168839902913e-12,4.925252426141390931e-12,-7.500000000000498490e-01,-1.249999999999951372e+00,2.003063570783855362e-13,2.843446642969400144e-15,7.500000000000497380e-01,1.249999999999951372e+00
1.298026321366962592e-13,5.115907697472721338e-13,-3.999999999999953104e+01,-4.000000000000004263e+01,2.298355102539062500e-04,3.999999999999996003e+00,4.999999999999887201e+00,2.274801584444888044e-13,2.462626213092761155e-13,-7.500000000000024425e-01,-1.249999999999997558e+00,1.001531785402025606e-14,1.421723321484702439e-16,7.500000000000024425e-01,1.249999999999997558e+00
6.490131606836137772e-15,2.131628207280300558e-13,-3.999999999999978684e+01,-4.000000000000000000e+01,2.231597900390625000e-04,4.000000000000006217e+00,4.999999999999939604e+00,1.137400792222751993e-14,1.231313106546593633e-14,-7.500000000000001110e-01,-1.249999999999999778e+00,5.007658927010916888e-16,7.108616607423517124e-18,7.500000000000002220e-01,1.250000000000000000e+00
3.245065803418818106e-16,1.421085471520200372e-14,-3.999999999999998579e+01,-4.000000000000000000e+01,2.162456512451171875e-04,4.000000000000000888e+00,4.999999999999996447e+00,5.687003961115072631e-16,6.156565532734375492e-16,-7.500000000000001110e-01,-1.249999999999999778e+00,2.503829463506103338e-17,3.554308303711763184e-19,7.500000000000001110e-01,1.249999999999999778e+00
1.622532901709437156e-17,0.000000000000000000e+00,-4.000000000000000000e+01,-4.000000000000000000e+01,7.803440093994140625e-04,4.000000000000000000e+00,5.000000000000000000e+00,2.843501980557579703e-17,3.078282766367242966e-17,-7.500000000000001110e-01,-1.249999999999999778e+00,1.251914731753077554e-18,1.777154151855882555e-20,7.500000000000001110e-01,1.249999999999999778e+00
8.112664508547194641e-19,0.000000000000000000e+00,-4.000000000000000000e+01,-4.000000000000000000e+01,2.512931823730468750e-04,4.000000000000000000e+00,5.000000000000000000e+00,1.421750990278790468e-18,1.539141383183623948e-18,-7.500000000000001110e-01,-1.249999999999999778e+00,6.259573658765391619e-20,8.885770759279424812e-22,7.500000000000001110e-01,1.249999999999999778e+00
4.056332254273600089e-20,0.000000000000000000e+00,-4.000000000000000000e+01,-4.000000000000000000e+01,2.462863922119140625e-04,4.000000000000000000e+00,5.000000000000000000e+00,7.108754951393967746e-20,7.695706915918119742e-20,-7.500000000000001110e-01,-1.249999999999999778e+00,3.129786829382693402e-21,4.442885379639712406e-23,7.500000000000000000e-01,1.249999999999999778e+00
2.028166127136809373e-21,0.000000000000000000e+00,-4.000000000000000000e+01,-4.000000000000000000e+01,2.121925354003906250e-04,4.000000000000000000e+00,5.000000000000000000e+00,3.554377475696991095e-21,3.847853457959081538e-21,-7.500000000000001110e-01,-1.249999999999999778e+00,1.564893414691356481e-22,2.221442689819865607e-24,7.500000000000001110e-01,1.249999999999999778e+00
1.014083063568406074e-22,0.000000000000000000e+00,-4.000000000000000000e+01,-4.000000000000000000e+01,3.058910369873046875e-04,4.000000000000000000e+00,5.000000000000000000e+00,1.777188737848495548e-22,1.923926728979545283e-22,-7.500000000000001110e-01,-1.249999999999999778e+00,7.824467073456787108e-24,1.110721344909932804e-25,7.500000000000001110e-01,1.249999999999999778e+00
5.070415317842035217e-24,0.000000000000000000e+00,-4.000000000000000000e+01,-4.000000000000000000e+01,2.861022949218750000e-04,4.000000000000000000e+00,5.000000000000000000e+00,8.885943689242482440e-24,9.619633644897735817e-24,-7.500000000000001110e-01,-1.249999999999999778e+00,3.912233536728402370e-25,5.553606724549677793e-27,7.500000000000001110e-01,1.249999999999999778e+00
2.535207658921020915e-25,0.000000000000000000e+00,-4.000000000000000000e+01,-4.000000000000000000e+01,2.362728118896484375e-04,4.000000000000000000e+00,5.000000000000000000e+00,4.442971844621244159e-25,4.809816822448873786e-25,-7.500000000000001110e-01,-1.249999999999999778e+00,1.956116768364206695e-26,2.776803362274850376e-28,7.500000000000001110e-01,1.250000000000000000e+00
1.267603829460513729e-26,0.000000000000000000e+00,-4.000000000000000000e+01,-4.000000000000000000e+01,2.307891845703125000e-04,4.000000000000000000e+00,5.000000000000000000e+00,2.221485922310623916e-26,2.404908411224446077e-26,-7.500000000000001110e-01,-1.249999999999999778e+00,9.780583841821056435e-28,1.388401681137426085e-29,7.500000000000001110e-01,1.249999999999999778e+00
6.338019147302578869e-28,0.000000000000000000e+00,-4.000000000000000000e+01,-4.000000000000000000e+01,2.081394195556640625e-04,4.000000000000000000e+00,5.000000000000000000e+00,1.110742961155313680e-27,1.202454205612224760e-27,-7.500000000000001110e-01,-1.249999999999999778e+00,4.890291920910538980e-29,6.942008405687147239e-31,7.500000000000002220e-01,1.250000000000000000e+00
3.169009573651295264e-29,0.000000000000000000e+00,-4.000000000000000000e+01,-4.000000000000000000e+01,2.505779266357421875e-04,4.000000000000000000e+00,5.000000000000000000e+00,5.553714805776575574e-29,6.012271028061138150e-29,-7.500000000000001110e-01,-1.249999999999999778e+00,2.445145960455273974e-30,3.471004202843578875e-32,7.500000000000002220e-01,1.249999999999999778e+00
1.584504786825652256e-30,0.000000000000000000e+00,-4.000000000000000000e+01,-4.000000000000000000e+01,2.331733703613281250e-04,4.000000000000000000e+00,5.000000000000000000e+00,2.776857402888301240e-30,3.006135514030575801e-30,-7.500000000000001110e-01,-1.249999999999999778e+00,1.222572980227637688e-31,1.735502101421789437e-33,7.500000000000001110e-01,1.249999999999999778e+00
7.922523934128279673e-32,0.000000000000000000e+00,-4.000000000000000000e+01,-4.000000000000000000e+01,2.510547637939453125e-04,4.000000000000000000e+00,5.000000000000000000e+00,1.388428701444156926e-31,1.503067757015290003e-31,-7.500000000000001110e-01,-1.249999999999999778e+00,6.112864901138184059e-33,8.677510507108954029e-35,7.500000000000000000e-01,1.249999999999999778e+00
3.961261967064146953e-33,0.000000000000000000e+00,-4.000000000000000000e+01,-4.000000000000000000e+01,2.152919769287109375e-04,4.000000000000000000e+00,5.000000000000000000e+00,6.942143507220789007e-33,7.515338785076467530e-33,-7.500000000000001110e-01,-1.249999999999999778e+00,3.056432450569104346e-34,4.338755253554485567e-36,7.500000000000001110e-01,1.249999999999999778e+00
1.980630983532076384e-34,0.000000000000000000e+00,-4.000000000000000000e+01,-4.000000000000000000e+01,3.564357757568359375e-04,4.000000000000000000e+00,5.000000000000000000e+00,3.471071753610394504e-34,3.757669392538241976e-34,-7.500000000000001110e-01,-1.249999999999999778e+00,1.528216225284552173e-35,2.169377626777246793e-37,7.500000000000001110e-01,1.249999999999999778e+00
9.903154917660424151e-36,0.000000000000000000e+00,-4.000000000000000000e+01,-4.000000000000000000e+01,3.919601440429687500e-04,4.000000000000000000e+00,5.000000000000000000e+00,1.735535876805204949e-35,1.878834696269130396e-35,-7.500000000000001110e-01,-1.249999999999999778e+00,7.641081126422755519e-37,1.084688813388623396e-38,7.500000000000000000e-01,1.249999999999999556e+00
4.951577458830232790e-37,0.000000000000000000e+00,-4.000000000000000000e+01,-4.000000000000000000e+01,2.636909484863281250e-04,4.000000000000000000e+00,5.000000000000000000e+00,8.677679384026067511e-37,9.394173481345684053e-37,-7.500000000000001110e-01,-1.249999999999999778e+00,3.820540563211402816e-38,5.423444066943163964e-40,7.500000000000001110e-01,1.249999999999999778e+00
2.475788729415117856e-38,0.000000000000000000e+00,-4.000000000000000000e+01,-4.000000000000000000e+01,2.167224884033203125e-04,4.000000000000000000e+00,5.000000000000000000e+00,4.338839692013033756e-38,4.697086740672845367e-38,-7.500000000000001110e-01,-1.249999999999999778e+00,1.910270281605704540e-39,2.711722033471586876e-41,7.500000000000001110e-01,1.249999999999999778e+00
1.237894364707562909e-39,0.000000000000000000e+00,-4.000000000000000000e+01,-4.000000000000000000e+01,3.154277801513671875e-04,4.000000000000000000e+00,5.000000000000000000e+00,2.169419846006523142e-39,2.348543370336432080e-39,-7.500000000000001110e-01,-1.249999999999999778e+00,9.551351408028529227e-41,1.355861016735792418e-42,7.500000000000000000e-01,1.249999999999999556e+00
6.189471823537818622e-41,0.000000000000000000e+00,-4.000000000000000000e+01,-4.000000000000000000e+01,4.742145538330078125e-04,4.000000000000000000e+00,5.000000000000000000e+00,1.084709923003261571e-40,1.174271685168216693e-40,-7.500000000000001110e-01,-1.249999999999999778e+00,4.775675704014282966e-42,6.779305083678984395e-44,7.500000000000001110e-01,1.249999999999999778e+00
3.094735911768914664e-42,0.000000000000000000e+00,-4.000000000000000000e+01,-4.000000000000000000e+01,2.439022064208984375e-04,4.000000000000000000e+00,5.000000000000000000e+00,5.423549615016311934e-42,5.871358425841095698e-42,-7.500000000000001110e-01,-1.249999999999999778e+00,2.387837852007142757e-43,3.389652541839494189e-45,7.500000000000001110e-01,1.249999999999999778e+00
1.547367955884459443e-43,0.000000000000000000e+00,-4.000000000000000000e+01,-4.000000000000000000e+01,2.555847167968750000e-04,4.000000000000000000e+00,5.000000000000000000e+00,2.711774807508161065e-43,2.935679212920551672e-43,-7.500000000000001110e-01,-1.249999999999999778e+00,1.193918926003572175e-44,1.694826270919749584e-46,7.500000000000001110e-01,1.249999999999999778e+00
7.736839779422303436e-45,0.000000000000000000e+00,-4.000000000000000000e+01,-4.000000000000000000e+01,2.517700195312500000e-04,4.000000000000000000e+00,5.000000000000000000e+00,1.355887403754083719e-44,1.467839606460275836e-44,-7.500000000000001110e-01,-1.249999999999999778e+00,5.969594630017865855e-46,8.474131354598759587e-48,7.500000000000000000e-01,1.249999999999999778e+00
3.868419889711170698e-46,0.000000000000000000e+00,-4.000000000000000000e+01,-4.000000000000000000e+01,3.435611724853515625e-04,4.000000000000000000e+00,5.000000000000000000e+00,6.779437018770433528e-46,7.339198032301423987e-46,-7.500000000000001110e-01,-1.249999999999999778e+00,2.984797315008946929e-47,4.237065677299396810e-49,7.500000000000002220e-01,1.249999999999999778e+00
1.934209944855588072e-47,0.000000000000000000e+00,-4.000000000000000000e+01,-4.000000000000000000e+01,7.681846618652343750e-04,4.000000000000000000e+00,5.000000000000000000e+00,3.389718509385221431e-47,3.669599016150718216e-47,-7.500000000000001110e-01,-1.249999999999999778e+00,1.492398657504475409e-48,2.118532838649699924e-50,7.500000000000002220e-01,1.249999999999999778e+00
9.671049724277953121e-49,0.000000000000000000e+00,-4.000000000000000000e+01,-4.000000000000000000e+01,2.589225769042968750e-04,4.000000000000000000e+00,5.000000000000000000e+00,1.694859254692614605e-48,1.834799508075360080e-48,-7.500000000000001110e-01,-1.249999999999999778e+00,7.461993287522395278e-50,1.059266419324851861e-51,7.500000000000002220e-01,1.249999999999999778e+00
4.835524862138975801e-50,0.000000000000000000e+00,-4.000000000000000000e+01,-4.000000000000000000e+01,2.164840698242187500e-04,4.000000000000000000e+00,5.000000000000000000e+00,8.474296273463073025e-50,9.173997540376794325e-50,-7.500000000000001110e-01,-1.249999999999999778e+00,3.730996643761205235e-51,5.296332096624268208e-53,7.500000000000002220e-01,1.249999999999999778e+00
2.417762431069492173e-51,0.000000000000000000e+00,-4.000000000000000000e+01,-4.000000000000000000e+01,3.123283386230468750e-04,4.000000000000000000e+00,5.000000000000000000e+00,4.237148136731553605e-51,4.586998770188400961e-51,-7.500000000000001110e-01,-1.249999999999999778e+00,1.865498321880606179e-52,2.648166048312135959e-54,7.500000000000001110e-01,1.249999999999999778e+00
1.208881215534748609e-52,0.000000000000000000e+00,-4.000000000000000000e+01,-4.000000000000000000e+01,6.525516510009765625e-04,4.000000000000000000e+00,5.000000000000000000e+00,2.118574068365779176e-52,2.293499385094205228e-52,-7.500000000000001110e-01,-1.249999999999999778e+00,9.327491609403075403e-54,1.324083024156073195e-55,7.500000000000002220e-01,1.249999999999999778e+00
6.044406077673771327e-54,0.000000000000000000e+00,-4.000000000000000000e+01,-4.000000000000000000e+01,3.504753112792968750e-04,4.000000000000000000e+00,5.000000000000000000e+00,1.059287034182901458e-53,1.146749692547103356e-53,-7.500000000000001110e-01,-1.249999999999999778e+00,4.663745804701570157e-55,6.620415120780416688e-57,7.500000000000001110e-01,1.250000000000000000e+00
3.022203038836902906e-55,0.000000000000000000e+00,-4.000000000000000000e+01,-4.000000000000000000e+01,3.271102905273437500e-04,4.000000000000000000e+00,5.000000000000000000e+00,5.296435170914539743e-55,5.733748462735553872e-55,-7.500000000000001110e-01,-1.249999999999999778e+00,2.331872902350786528e-56,3.310207560390210608e-58,7.500000000000000000e-01,1.249999999999999778e+00
1.511101519418458426e-56,0.000000000000000000e+00,-4.000000000000000000e+01,-4.000000000000000000e+01,3.495216369628906250e-04,4.000000000000000000e+00,5.000000000000000000e+00,2.648217585457271321e-56,2.866874231367797221e-56,-7.500000000000001110e-01,-1.249999999999999778e+00,1.165936451175396886e-57,1.655103780195109549e-59,7.500000000000001110e-01,1.249999999999999556e+00
7.555507597092307693e-58,0.000000000000000000e+00,-4.000000000000000000e+01,-4.000000000000000000e+01,3.480911254882812500e-04,4.000000000000000000e+00,5.000000000000000000e+00,1.324108792728644716e-57,1.433437115683897705e-57,-7.500000000000001110e-01,-1.249999999999999778e+00,5.829682255876995750e-59,8.275518900975565431e-61,7.500000000000000000e-01,1.249999999999999778e+00
3.777753798546169057e-59,0.000000000000000000e+00,-4.000000000000000000e+01,-4.000000000000000000e+01,2.851486206054687500e-04,4.000000000000000000e+00,5.000000000000000000e+00,6.620543963643234899e-59,7.167185578419522483e-59,-7.500000000000001110e-01,-1.249999999999999778e+00,2.914841127938517330e-60,4.137759450487802061e-62,7.500000000000002220e-01,1.249999999999999778e+00
1.888876899273085302e-60,0.000000000000000000e+00,-4.000000000000000000e+01,-4.000000000000000000e+01,3.232955932617187500e-04,4.000000000000000000e+00,5.000000000000000000e+00,3.310271981821620987e-60,3.583592789209761241e-60,-7.500000000000001110e-01,-1.249999999999999778e+00,1.457420563969261982e-61,2.068879725243901030e-63,7.500000000000002220e-01,1.249999999999999778e+00
9.444384496365434803e-62,0.000000000000000000e+00,-4.000000000000000000e+01,-4.000000000000000000e+01,2.307891845703125000e-04,4.000000000000000000e+00,5.000000000000000000e+00,1.655135990910813810e-61,1.791796394604880621e-61,-7.500000000000001110e-01,-1.249999999999999778e+00,7.287102819846323725e-63,1.034439862621951595e-64,7.500000000000002220e-01,1.249999999999999778e+00
4.722192248182719560e-63,0.000000000000000000e+00,-4.000000000000000000e+01,-4.000000000000000000e+01,3.228187561035156250e-04,4.000000000000000000e+00,5.000000000000000000e+00,8.275679954554089776e-63,8.958981973024396194e-63,-7.500000000000001110e-01,-1.249999999999999778e+00,3.643551409923166181e-64,5.172199313109761347e-66,7.500000000000002220e-01,1.249999999999999778e+00
2.361096124091363828e-64,0.000000000000000000e+00,-4.000000000000000000e+01,-4.000000000000000000e+01,2.813339233398437500e-04,4.000000000000000000e+00,5.000000000000000000e+00,4.137839977277051365e-64,4.479490986512206733e-64,-7.500000000000001110e-01,-1.249999999999999778e+00,1.821775704961587139e-65,2.586099656554884890e-67,7.500000000000002220e-01,1.249999999999999778e+00
1.180548062045683221e-65,0.000000000000000000e+00,-4.000000000000000000e+01,-4.000000000000000000e+01,2.720355987548828125e-04,4.000000000000000000e+00,5.000000000000000000e+00,2.068919988638531080e-65,2.239745493256103367e-65,-7.500000000000001110e-01,-1.249999999999999778e+00,9.108878524807952560e-67,1.293049828277443104e-68,7.500000000000002220e-01,1.249999999999999778e+00
5.902740310228411890e-67,0.000000000000000000e+00,-4.000000000000000000e+01,-4.000000000000000000e+01,2.307891845703125000e-04,4.000000000000000000e+00,5.000000000000000000e+00,1.034459994319264697e-66,1.119872746628050840e-66,-7.500000000000001110e-01,-1.249999999999999778e+00,4.554439262403976280e-68,6.465249141387211402e-70,7.500000000000002220e-01,1.249999999999999778e+00
2.951370155114209734e-68,0.000000000000000000e+00,-4.000000000000000000e+01,-4.000000000000000000e+01,1.943111419677734375e-04,4.000000000000000000e+00,5.000000000000000000e+00,5.172299971596339297e-68,5.599363733140256835e-68,-7.500000000000001110e-01,-1.249999999999999778e+00,2.277219631201991435e-69,3.232624570693608275e-71,7.500000000000001110e-01,1.249999999999999778e+00
1.475685077557107698e-69,0.000000000000000000e+00,-4.000000000000000000e+01,-4.000000000000000000e+01,4.296302795410156250e-04,4.000000000000000000e+00,5.000000000000000000e+00,2.586149985798168001e-69,2.799681866570138301e-69,-7.500000000000001110e-01,-1.249999999999999778e+00,1.138609815600996747e-70,1.616312285346805746e-72,7.500000000000001110e-01,1.249999999999999556e+00
7.378425387785562941e-71,0.000000000000000000e+00,-4.000000000000000000e+01,-4.000000000000000000e+01,2.219676971435546875e-04,4.000000000000000000e+00,5.000000000000000000e+00,1.293074992899091207e-70,1.399840933285071209e-70,-7.500000000000001110e-01,-1.249999999999999778e+00,5.693049078005019123e-72,8.081561426734084027e-74,7.500000000000001110e-01,1.249999999999999778e+00
3.689212693892789815e-72,0.000000000000000000e+00,-4.000000000000000000e+01,-4.000000000000000000e+01,2.074241638183593750e-04,4.000000000000000000e+00,5.000000000000000000e+00,6.465374964495484991e-72,6.999204666425365699e-72,-7.500000000000001110e-01,-1.249999999999999778e+00,2.846524539002511572e-73,4.040780713367045155e-75,7.500000000000000000e-01,1.249999999999999778e+00
1.844606346946398301e-73,0.000000000000000000e+00,-4.000000000000000000e+01,-4.000000000000000000e+01,2.169609069824218750e-04,4.000000000000000000e+00,5.000000000000000000e+00,3.232687482247748528e-73,3.499602333212688882e-73,-7.500000000000001110e-01,-1.249999999999999778e+00,1.423262269501257043e-74,2.020390356683522578e-76,7.500000000000000000e-01,1.249999999999999778e+00
9.223031734732017424e-75,0.000000000000000000e+00,-4.000000000000000000e+01,-4.000000000000000000e+01,2.410411834716796875e-04,4.000000000000000000e+00,5.000000000000000000e+00,1.616343741123875521e-74,1.749801166606350725e-74,-7.500000000000001110e-01,-1.249999999999999778e+00,7.116311347506320560e-76,1.010195178341767425e-77,7.500000000000002220e-01,1.249999999999999778e+00
4.611515867366012639e-76,0.000000000000000000e+00,-4.000000000000000000e+01,-4.000000000000000000e+01,2.791881561279296875e-04,4.000000000000000000e+00,5.000000000000000000e+00,8.081718705619393312e-76,8.749005833031757550e-76,-7.500000000000001110e-01,-1.249999999999999778e+00,3.558155673753167644e-77,5.050975891708837126e-79,7.500000000000002220e-01,1.249999999999999778e+00
2.305757933683018592e-77,0.000000000000000000e+00,-4.000000000000000000e+01,-4.000000000000000000e+01,2.541542053222656250e-04,4.000000000000000000e+00,5.000000000000000000e+00,4.040859352809726111e-77,4.374502916515900866e-77,-7.500000000000001110e-01,-1.249999999999999778e+00,1.779077836876583822e-78,2.525487945854423357e-80,7.500000000000001110e-01,1.249999999999999556e+00
1.152878966841511118e-78,0.000000000000000000e+00,-4.000000000000000000e+01,-4.000000000000000000e+01,2.250671386718750000e-04,4.000000000000000000e+00,5.000000000000000000e+00,2.020429676404869192e-78,2.187251458257951967e-78,-7.500000000000001110e-01,-1.249999999999999778e+00,8.895389184382933492e-80,1.262743972927213177e-81,7.500000000000000000e-01,1.249999999999999556e+00
5.764394834207575365e-80,0.000000000000000000e+00,-4.000000000000000000e+01,-4.000000000000000000e+01,2.584457397460937500e-04,4.000000000000000000e+00,5.000000000000000000e+00,1.010214838202440349e-79,1.093625729128977901e-79,-7.500000000000001110e-01,-1.249999999999999778e+00,4.447694592191496709e-81,6.313719864636108018e-83,7.500000000000000000e-01,1.249999999999999778e+00
2.882197417103789368e-81,0.000000000000000000e+00,-4.000000000000000000e+01,-4.000000000000000000e+01,3.287792205810546875e-04,4.000000000000000000e+00,5.000000000000000000e+00,5.051074191012204740e-81,5.468128645644889506e-81,-7.500000000000001110e-01,-1.249999999999999778e+00,2.223847296095753972e-82,3.156859932318056935e-84,7.500000000000000000e-01,1.249999999999999778e+00
1.441098708551902058e-82,0.000000000000000000e+00,-4.000000000000000000e+01,-4.000000000000000000e+01,2.434253692626953125e-04,4.000000000000000000e+00,5.000000000000000000e+00,2.525537095506109860e-82,2.734064322822461607e-82,-7.500000000000001110e-01,-1.249999999999999778e+00,1.111923648047882838e-83,1.578429966159037611e-85,7.500000000000002220e-01,1.249999999999999778e+00
7.205493542759517054e-84,0.000000000000000000e+00,-4.000000000000000000e+01,-4.000000000000000000e+01,2.388954162597656250e-04,4.000000000000000000e+00,5.000000000000000000e+00,1.262768547753057856e-83,1.367032161411231389e-83,-7.500000000000001110e-01,-1.249999999999999778e+00,5.559618240239417849e-85,7.892149830795205202e-87,7.500000000000001110e-01,1.249999999999999778e+00
3.602746771379765157e-85,0.000000000000000000e+00,-4.000000000000000000e+01,-4.000000000000000000e+01,1.993179321289062500e-04,4.000000000000000000e+00,5.000000000000000000e+00,6.313842738765300254e-85,6.835160807056167916e-85,-7.500000000000001110e-01,-1.249999999999999778e+00,2.779809120119715782e-86,3.946074915397618674e-88,7.500000000000002220e-01,1.250000000000000000e+00
1.801373385689888507e-86,0.000000000000000000e+00,-4.000000000000000000e+01,-4.000000000000000000e+01,2.100467681884765625e-04,4.000000000000000000e+00,5.000000000000000000e+00,3.156921369382659271e-86,3.417580403528097674e-86,-7.500000000000001110e-01,-1.249999999999999778e+00,1.389904560059859320e-87,1.973037457698811569e-89,7.500000000000001110e-01,1.249999999999999778e+00
9.006866928449460173e-88,0.000000000000000000e+00,-4.000000000000000000e+01,-4.000000000000000000e+01,2.524852752685546875e-04,4.000000000000000000e+00,5.000000000000000000e+00,1.578460684691333922e-87,1.708790201764051694e-87,-7.500000000000001110e-01,-1.249999999999999778e+00,6.949522800299309994e-89,9.865187288494071800e-91,7.500000000000000000e-01,1.249999999999999778e+00
4.503433464224735110e-89,0.000000000000000000e+00,-4.000000000000000000e+01,-4.000000000000000000e+01,2.269744873046875000e-04,4.000000000000000000e+00,5.000000000000000000e+00,7.892303423456665144e-89,8.543951008820271866e-89,-7.500000000000001110e-01,-1.249999999999999778e+00,3.474761400149663368e-90,4.932593644247046800e-92,7.500000000000001110e-01,1.250000000000000000e+00
2.251716732112370345e-90,0.000000000000000000e+00,-4.000000000000000000e+01,-4.000000000000000000e+01,3.764629364013671875e-04,4.000000000000000000e+00,5.000000000000000000e+00,3.946151711728329781e-90,4.271975504410147095e-90,-7.500000000000001110e-01,-1.249999999999999778e+00,1.737380700074832556e-91,2.466296822123524763e-93,7.500000000000001110e-01,1.249999999999999778e+00
1.125858366056186835e-91,0.000000000000000000e+00,-4.000000000000000000e+01,-4.000000000000000000e+01,2.231597900390625000e-04,4.000000000000000000e+00,5.000000000000000000e+00,1.973075855864174483e-91,2.135987752205073548e-91,-7.500000000000001110e-01,-1.249999999999999778e+00,8.686903500374157331e-93,1.233148411061762381e-94,7.500000000000000000e-01,1.249999999999999778e+00
5.629291830280942691e-93,0.000000000000000000e+00,-4.000000000000000000e+01,-4.000000000000000000e+01,1.959800720214843750e-04,4.000000000000000000e+00,5.000000000000000000e+00,9.865379279320877865e-93,1.067993876102538409e-92,-7.500000000000001110e-01,-1.249999999999999778e+00,4.343451750187092291e-94,6.165742055308833197e-96,7.500000000000001110e-01,1.250000000000000000e+00
2.814645915140480606e-94,0.000000000000000000e+00,-4.000000000000000000e+01,-4.000000000000000000e+01,2.496242523193359375e-04,4.000000000000000000e+00,5.000000000000000000e+00,4.932689639660449152e-94,5.339969380512715889e-94,-7.500000000000001110e-01,-1.249999999999999778e+00,2.171725875093547210e-95,3.082871027654419925e-97,7.500000000000001110e-01,1.249999999999999778e+00
1.407322957570243297e-95,0.000000000000000000e+00,-4.000000000000000000e+01,-4.000000000000000000e+01,2.388954162597656250e-04,4.000000000000000000e+00,5.000000000000000000e+00,2.466344819830228834e-95,2.669984690256364331e-95,-7.500000000000001110e-01,-1.249999999999999778e+00,1.085862937546774936e-96,1.541435513827212042e-98,7.500000000000001110e-01,1.249999999999999778e+00
7.036614787851221267e-97,0.000000000000000000e+00,-4.000000000000000000e+01,-4.000000000000000000e+01,2.329349517822265625e-04,4.000000000000000000e+00,5.000000000000000000e+00,1.233172409915115082e-96,1.334992345128183496e-96,-7.500000000000001110e-01,-1.249999999999999778e+00,5.429314687733870520e-98,7.707177569136066705e-100,7.500000000000001110e-01,1.249999999999999778e+00
3.518307393925619860e-98,0.000000000000000000e+00,-4.000000000000000000e+01,-4.000000000000000000e+01,2.379417419433593750e-04,4.000000000000000000e+00,5.000000000000000000e+00,6.165862049575604518e-98,6.674961725640925798e-98,-7.500000000000001110e-01,-1.249999999999999778e+00,2.714657343866944356e-99,3.853588784568045534e-101,7.500000000000001110e-01,1.250000000000000000e+00
1.759153696962813260e-99,0.000000000000000000e+00,-4.000000000000000000e+01,-4.000000000000000000e+01,5.757808685302734375e-04,4.000000000000000000e+00,5.000000000000000000e+00,3.082931024787799660e-99,3.337480862820475893e-99,-7.500000000000001110e-01,-1.249999999999999778e+00,1.357328671933472178e-100,1.926794392284024036e-102,7.500000000000001110e-01,1.249999999999999778e+00
8.795768484814093708e-101,0.000000000000000000e+00,-4.000000000000000000e+01,-4.000000000000000000e+01,2.164840698242187500e-04,4.000000000000000000e+00,5.000000000000000000e+00,1.541465512393903079e-100,1.668740431410245256e-100,-7.500000000000001110e-01,-1.249999999999999778e+00,6.786643359667365966e-102,9.633971961420143974e-104,7.500000000000000000e-01,1.249999999999999556e+00
4.397884242407046695e-102,0.000000000000000000e+00,-4.000000000000000000e+01,-4.000000000000000000e+01,2.090930938720703125e-04,4.000000000000000000e+00,5.000000000000000000e+00,7.707327561969520469e-102,8.343702157051216128e-102,-7.500000000000001110e-01,-1.249999999999999778e+00,3.393321679833692500e-103,4.816985980710089336e-105,7.500000000000001110e-01,1.249999999999999778e+00
2.198942121203528701e-103,0.000000000000000000e+00,-4.000000000000000000e+01,-4.000000000000000000e+01,2.002716064453125000e-04,4.000000000000000000e+00,5.000000000000000000e+00,3.853663780984776097e-103,4.171851078525614409e-103,-7.500000000000001110e-01,-1.249999999999999778e+00,1.696660839916850216e-104,2.408492990355049315e-106,7.500000000000000000e-01,1.249999999999999778e+00
1.099471060601767263e-104,0.000000000000000000e+00,-4.000000000000000000e+01,-4.000000000000000000e+01,2.012252807617187500e-04,4.000000000000000000e+00,5.000000000000000000e+00,1.926831890492389040e-104,2.085925539262816127e-104,-7.500000000000001110e-01,-1.249999999999999778e+00,8.483304199584269666e-106,1.204246495177524658e-107,7.500000000000000000e-01,1.249999999999999556e+00
5.497355303008837088e-106,0.000000000000000000e+00,-4.000000000000000000e+01,-4.000000000000000000e+01,2.555847167968750000e-04,4.000000000000000000e+00,5.000000000000000000e+00,9.634159452461939003e-106,1.042962769631408063e-105,-7.500000000000001110e-01,-1.249999999999999778e+00,4.241652099792146451e-107,6.021232475887638415e-109,7.500000000000001110e-01,1.249999999999999778e+00
2.748677651504421085e-107,0.000000000000000000e+00,-4.000000000000000000e+01,-4.000000000000000000e+01,2.253055572509765625e-04,4.000000000000000000e+00,5.000000000000000000e+00,4.817079726230973374e-107,5.214813848157044189e-107,-7.500000000000001110e-01,-1.249999999999999778e+00,2.120826049896078066e-108,3.010616237943821099e-110,7.500000000000001110e-01,1.249999999999999778e+00
1.374338825752212887e-108,0.000000000000000000e+00,-4.000000000000000000e+01,-4.000000000000000000e+01,2.460479736328125000e-04,4.000000000000000000e+00,5.000000000000000000e+00,2.408539863115491528e-108,2.607406924078525725e-108,-7.500000000000001110e-01,-1.249999999999999778e+00,1.060413024948040546e-109,1.505308118971912913e-111,7.500000000000001110e-01,1.249999999999999778e+00
6.871694128761096110e-110,0.000000000000000000e+00,-4.000000000000000000e+01,-4.000000000000000000e+01,2.129077911376953125e-04,4.000000000000000000e+00,5.000000000000000000e+00,1.204269931557746520e-109,1.303703462039272695e-109,-7.500000000000001110e-01,-1.249999999999999778e+00,5.302065124740202729e-111,7.526540594859564565e-113,7.500000000000001110e-01,1.249999999999999556e+00
3.435847064380562828e-111,0.000000000000000000e+00,-4.000000000000000000e+01,-4.000000000000000000e+01,2.930164337158203125e-04,4.000000000000000000e+00,5.000000000000000000e+00,6.021349657788775147e-111,6.518517310196382386e-111,-7.500000000000001110e-01,-1.249999999999999778e+00,2.651032562370113183e-112,3.763270297429803057e-114,7.500000000000001110e-01,1.249999999999999778e+00
1.717923532190283676e-112,0.000000000000000000e+00,-4.000000000000000000e+01,-4.000000000000000000e+01,2.756118774414062500e-04,4.000000000000000000e+00,5.000000000000000000e+00,3.010674828894390528e-112,3.259258655098195625e-112,-7.500000000000001110e-01,-1.249999999999999778e+00,1.325516281185058438e-113,1.881635148714901528e-115,7.500000000000001110e-01,1.249999999999999778e+00
8.589617660951442039e-114,0.000000000000000000e+00,-4.000000000000000000e+01,-4.000000000000000000e+01,2.088546752929687500e-04,4.000000000000000000e+00,5.000000000000000000e+00,1.505337414447199880e-113,1.629629327549103352e-113,-7.500000000000001110e-01,-1.249999999999999778e+00,6.627581405925292190e-115,9.408175743574516658e-117,7.500000000000000000e-01,1.249999999999999556e+00
4.294808830475729315e-115,0.000000000000000000e+00,-4.000000000000000000e+01,-4.000000000000000000e+01,2.040863037109375000e-04,4.000000000000000000e+00,5.000000000000000000e+00,7.526687072235999402e-115,8.148146637745528302e-115,-7.500000000000001110e-01,-1.249999999999999778e+00,3.313790702962667735e-116,4.704087871787289324e-118,7.500000000000002220e-01,1.250000000000000000e+00
2.147404415237872660e-116,0.000000000000000000e+00,-4.000000000000000000e+01,-4.000000000000000000e+01,1.907348632812500000e-04,4.000000000000000000e+00,5.000000000000000000e+00,3.763343536118012324e-116,4.074073318872783988e-116,-7.500000000000001110e-01,-1.249999999999999778e+00,1.656895351481334994e-117,2.352043935893642901e-119,7.500000000000001110e-01,1.249999999999999778e+00
1.073702207618937668e-117,0.000000000000000000e+00,-4.000000000000000000e+01,-4.000000000000000000e+01,2.589225769042968750e-04,4.000000000000000000e+00,5.000000000000000000e+00,1.881671768059011798e-117,2.037036659436393121e-117,-7.500000000000001110e-01,-1.249999999999999778e+00,8.284476757406674972e-119,1.176021967946823101e-120,7.500000000000000000e-01,1.249999999999999778e+00
5.368511038094712115e-119,0.000000000000000000e+00,-4.000000000000000000e+01,-4.000000000000000000e+01,2.405643463134765625e-04,4.000000000000000000e+00,5.000000000000000000e+00,9.408358840295073076e-119,1.018518329718202196e-118,-7.500000000000001110e-01,-1.249999999999999778e+00,4.142238378703363902e-120,5.880109839734146463e-122,7.500000000000002220e-01,1.249999999999999778e+00
2.684255519047361355e-120,0.000000000000000000e+00,-4.000000000000000000e+01,-4.000000000000000000e+01,2.253055572509765625e-04,4.000000000000000000e+00,5.000000000000000000e+00,4.704179420147565155e-120,5.092591648591010979e-120,-7.500000000000001110e-01,-1.249999999999999778e+00,2.071119189351684703e-121,2.940054919867079681e-123,7.500000000000000000e-01,1.249999999999999778e+00
1.342127759523683257e-121,0.000000000000000000e+00,-4.000000000000000000e+01,-4.000000000000000000e+01,1.788139343261718750e-04,4.000000000000000000e+00,5.000000000000000000e+00,2.352089710073786705e-121,2.546295824295510993e-121,-7.500000000000001110e-01,-1.249999999999999778e+00,1.035559594675843211e-122,1.470027459933542527e-124,7.500000000000000000e-01,1.249999999999999778e+00
6.710638797618438051e-123,0.000000000000000000e+00,-4.000000000000000000e+01,-4.000000000000000000e+01,1.811981201171875000e-04,4.000000000000000000e+00,5.000000000000000000e+00,1.176044855036894212e-122,1.273147912147760656e-122,-7.500000000000001110e-01,-1.249999999999999778e+00,5.177797973379242927e-124,7.350137299667758822e-126,7.500000000000002220e-01,1.249999999999999778e+00
3.355319398809222972e-124,0.000000000000000000e+00,-4.000000000000000000e+01,-4.000000000000000000e+01,2.448558807373046875e-04,4.000000000000000000e+00,5.000000000000000000e+00,5.880224275184495246e-124,6.365739560738803279e-124,-7.500000000000001110e-01,-1.249999999999999778e+00,2.588898986689621464e-125,3.675068649833884660e-127,7.500000000000000000e-01,1.249999999999999778e+00
1.677659699404613690e-125,0.000000000000000000e+00,-4.000000000000000000e+01,-4.000000000000000000e+01,2.317428588867187500e-04,4.000000000000000000e+00,5.000000000000000000e+00,2.940112137592245944e-125,3.182869780369406678e-125,-7.500000000000001110e-01,-1.249999999999999778e+00,1.294449493344815980e-126,1.837534324916949710e-128,7.500000000000001110e-01,1.250000000000000000e+00
8.388298497023093382e-127,0.000000000000000000e+00,-4.000000000000000000e+01,-4.000000000000000000e+01,2.148151397705078125e-04,4.000000000000000000e+00,5.000000000000000000e+00,1.470056068796125071e-126,1.591434890184710687e-126,-7.500000000000001110e-01,-1.249999999999999778e+00,6.472247466724079901e-128,9.187671624584769053e-130,7.500000000000001110e-01,1.249999999999999778e+00
4.194149248511548638e-128,0.000000000000000000e+00,-4.000000000000000000e+01,-4.000000000000000000e+01,2.350807189941406250e-04,4.000000000000000000e+00,5.000000000000000000e+00,7.350280343980631916e-128,7.957174450923553433e-128,-7.500000000000001110e-01,-1.249999999999999778e+00,3.236123733362046101e-129,4.593835812292387730e-131,7.500000000000001110e-01,1.249999999999999778e+00
2.097074624255780213e-129,0.000000000000000000e+00,-4.000000000000000000e+01,-4.000000000000000000e+01,2.596378326416015625e-04,4.000000000000000000e+00,5.000000000000000000e+00,3.675140171990320058e-129,3.978587225461791067e-129,-7.500000000000001110e-01,-1.249999999999999778e+00,1.618061866681025613e-130,2.296917906146201873e-132,7.500000000000002220e-01,1.249999999999999778e+00
1.048537312127893150e-130,0.000000000000000000e+00,-4.000000000000000000e+01,-4.000000000000000000e+01,2.560615539550781250e-04,4.000000000000000000e+00,5.000000000000000000e+00,1.837570085995171561e-130,1.989293612730896815e-130,-7.500000000000001110e-01,-1.249999999999999778e+00,8.090309333405180120e-132,1.148458953073108444e-133,7.500000000000002220e-01,1.250000000000000000e+00
5.242686560639479263e-132,0.000000000000000000e+00,-4.000000000000000000e+01,-4.000000000000000000e+01,2.267360687255859375e-04,4.000000000000000000e+00,5.000000000000000000e+00,9.187850429975901852e-132,9.946468063654500092e-132,-7.500000000000001110e-01,-1.249999999999999778e+00,4.045154666702587557e-133,5.742294765365553953e-135,7.500000000000001110e-01,1.250000000000000000e+00
2.621343280319744246e-133,0.000000000000000000e+00,-4.000000000000000000e+01,-4.000000000000000000e+01,2.133846282958984375e-04,4.000000000000000000e+00,5.000000000000000000e+00,4.593925214987960936e-133,4.973234031827260056e-133,-7.500000000000001110e-01,-1.249999999999999778e+00,2.022577333351292214e-134,2.871147382682779420e-136,7.500000000000001110e-01,1.250000000000000000e+00
1.310671640159877157e-134,0.000000000000000000e+00,-4.000000000000000000e+01,-4.000000000000000000e+01,2.090930938720703125e-04,4.000000000000000000e+00,5.000000000000000000e+00,2.296962607493992981e-134,2.486617015913639413e-134,-7.500000000000001110e-01,-1.249999999999999778e+00,1.011288666675646107e-135,1.435573691341389710e-137,7.500000000000000000e-01,1.249999999999999778e+00
6.553358200799383343e-136,0.000000000000000000e+00,-4.000000000000000000e+01,-4.000000000000000000e+01,3.767013549804687500e-04,4.000000000000000000e+00,5.000000000000000000e+00,1.148481303746996979e-135,1.243308507956818729e-135,-7.500000000000001110e-01,-1.249999999999999778e+00,5.056443333378227481e-137,7.177868456706953324e-139,7.500000000000000000e-01,1.249999999999999778e+00
3.276679100399704464e-137,0.000000000000000000e+00,-4.000000000000000000e+01,-4.000000000000000000e+01,2.686977386474609375e-04,4.000000000000000000e+00,5.000000000000000000e+00,5.742406518734991007e-137,6.216542539784130304e-137,-7.500000000000001110e-01,-1.249999999999999778e+00,2.528221666689117559e-138,3.588934228353494562e-140,7.500000000000001110e-01,1.249999999999999556e+00
1.638339550199855335e-138,0.000000000000000000e+00,-4.000000000000000000e+01,-4.000000000000000000e+01,1.997947692871093750e-04,4.000000000000000000e+00,5.000000000000000000e+00,2.871203259367512687e-138,3.108271269892063242e-138,-7.500000000000001110e-01,-1.249999999999999778e+00,1.264110833344561763e-139,1.794467114176751010e-141,7.500000000000000000e-01,1.249999999999999778e+00
8.191697750999316576e-140,0.000000000000000000e+00,-4.000000000000000000e+01,-4.000000000000000000e+01,2.179145812988281250e-04,4.000000000000000000e+00,5.000000000000000000e+00,1.435601629683757537e-139,1.554135634946042361e-139,-7.500000000000001110e-01,-1.249999999999999778e+00,6.320554166722842378e-141,8.972335570883807493e-143,7.500000000000002220e-01,1.249999999999999778e+00
4.095848875499662483e-141,0.000000000000000000e+00,-4.000000000000000000e+01,-4.000000000000000000e+01,2.074241638183593750e-04,4.000000000000000000e+00,5.000000000000000000e+00,7.178008148418787685e-141,7.770678174730222994e-141,-7.500000000000001110e-01,-1.249999999999999778e+00,3.160277083361428181e-142,4.486167785441918313e-144,7.500000000000002220e-01,1.250000000000000000e+00
2.047924437749835466e-142,0.000000000000000000e+00,-4.000000000000000000e+01,-4.000000000000000000e+01,2.701282501220703125e-04,4.000000000000000000e+00,5.000000000000000000e+00,3.589004074209400835e-142,3.885339087365120820e-142,-7.500000000000001110e-01,-1.249999999999999778e+00,1.580138541680716276e-143,2.243083892720959157e-145,7.500000000000002220e-01,1.249999999999999778e+00
1.023962218874918234e-143,0.000000000000000000e+00,-4.000000000000000000e+01,-4.000000000000000000e+01,2.751350402832031250e-04,4.000000000000000000e+00,5.000000000000000000e+00,1.794502037104698961e-143,1.942669543682561867e-143,-7.500000000000001110e-01,-1.249999999999999778e+00,7.900692708403599587e-145,1.121541946360478867e-146,7.500000000000002220e-01,1.249999999999999778e+00
5.119811094374602265e-145,0.000000000000000000e+00,-4.000000000000000000e+01,-4.000000000000000000e+01,5.698204040527343750e-04,4.000000000000000000e+00,5.000000000000000000e+00,8.972510185523508460e-145,9.713347718412841198e-145,-7.500000000000001110e-01,-1.249999999999999778e+00,3.950346354201796948e-146,5.607709731802389890e-148,7.500000000000002220e-01,1.249999999999999556e+00
2.559905547187315714e-146,0.000000000000000000e+00,-4.000000000000000000e+01,-4.000000000000000000e+01,2.336502075195312500e-04,4.000000000000000000e+00,5.000000000000000000e+00,4.486255092761813978e-146,4.856673859206423444e-146,-7.500000000000001110e-01,-1.249999999999999778e+00,1.975173177100915367e-147,2.803854865901213005e-149,7.500000000000001110e-01,1.249999999999999778e+00
1.279952773593658802e-147,0.000000000000000000e+00,-4.000000000000000000e+01,-4.000000000000000000e+01,2.071857452392578125e-04,4.000000000000000000e+00,5.000000000000000000e+00,2.243127546380912324e-147,2.428336929603211722e-147,-7.500000000000001110e-01,-1.249999999999999778e+00,9.875865885504582392e-149,1.401927432950607371e-150,7.500000000000001110e-01,1.249999999999999778e+00
6.399763867968300607e-149,0.000000000000000000e+00,-4.000000000000000000e+01,-4.000000000000000000e+01,1.826286315917968750e-04,4.000000000000000000e+00,5.000000000000000000e+00,1.121563773190456717e-148,1.214168464801607528e-148,-7.500000000000001110e-01,-1.249999999999999778e+00,4.937932942752294669e-150,7.009637164753042280e-152,7.500000000000001110e-01,1.249999999999999778e+00
3.199881933984165281e-150,0.000000000000000000e+00,-4.000000000000000000e+01,-4.000000000000000000e+01,3.993511199951171875e-04,4.000000000000000000e+00,5.000000000000000000e+00,5.607818865952290533e-150,6.070842324008082791e-150,-7.500000000000001110e-01,-1.249999999999999778e+00,2.468966471376148420e-151,3.504818582376526228e-153,7.500000000000001110e-01,1.249999999999999556e+00
1.599940966992087999e-151,0.000000000000000000e+00,-4.000000000000000000e+01,-4.000000000000000000e+01,2.384185791015625000e-04,4.000000000000000000e+00,5.000000000000000000e+00,2.803909432976164803e-151,3.035421162004043566e-151,-7.500000000000001110e-01,-1.249999999999999778e+00,1.234483235688082350e-152,1.752409291188274773e-154,7.500000000000001110e-01,1.249999999999999778e+00
7.999704834960461618e-153,0.000000000000000000e+00,-4.000000000000000000e+01,-4.000000000000000000e+01,2.207756042480468750e-04,4.000000000000000000e+00,5.000000000000000000e+00,1.401954716488085793e-152,1.517710581002026531e-152,-7.500000000000001110e-01,-1.249999999999999778e+00,6.172416178440420229e-154,8.762046455941373863e-156,7.500000000000000000e-01,1.249999999999999556e+00
3.999852417480241143e-154,0.000000000000000000e+00,-4.000000000000000000e+01,-4.000000000000000000e+01,3.218650817871093750e-04,4.000000000000000000e+00,5.000000000000000000e+00,7.009773582440454402e-154,7.588552905010145375e-154,-7.500000000000001110e-01,-1.249999999999999778e+00,3.086208089220220713e-155,4.381023227970699352e-157,7.500000000000000000e-01,1.249999999999999778e+00
1.999926208740129183e-155,0.000000000000000000e+00,-4.000000000000000000e+01,-4.000000000000000000e+01,2.286434173583984375e-04,4.000000000000000000e+00,5.000000000000000000e+00,3.504886791220232501e-155,3.794276452505093885e-155,-7.500000000000001110e-01,-1.249999999999999778e+00,1.543104044610119465e-156,2.190511613985361320e-158,7.500000000000002220e-01,1.249999999999999778e+00
9.999631043700662477e-157,0.000000000000000000e+00,-4.000000000000000000e+01,-4.000000000000000000e+01,2.639293670654296875e-04,4.000000000000000000e+00,5.000000000000000000e+00,1.752443395610116250e-156,1.897138226252551911e-156,-7.500000000000001110e-01,-1.249999999999999778e+00,7.715520223050618027e-158,1.095255806992685512e-159,7.500000000000003331e-01,1.249999999999999778e+00
4.999815521850347088e-158,0.000000000000000000e+00,-4.000000000000000000e+01,-4.000000000000000000e+01,2.388954162597656250e-04,4.000000000000000000e+00,5.000000000000000000e+00,8.762216978050643355e-158,9.485691131262769906e-158,-7.500000000000001110e-01,-1.249999999999999778e+00,3.857760111525312248e-159,5.476279034963427560e-161,7.500000000000002220e-01,1.249999999999999778e+00
2.499907760925186684e-159,0.000000000000000000e+00,-4.000000000000000000e+01,-4.000000000000000000e+01,1.904964447021484375e-04,4.000000000000000000e+00,5.000000000000000000e+00,4.381108489025357257e-159,4.742845565631401125e-159,-7.500000000000001110e-01,-1.249999999999999778e+00,1.928880055762668253e-160,2.738139517481729574e-162,7.500000000000001110e-01,1.250000000000000000e+00
1.249953880462596185e-160,0.000000000000000000e+00,-4.000000000000000000e+01,-4.000000000000000000e+01,2.090930938720703125e-04,4.000000000000000000e+00,5.000000000000000000e+00,2.190554244512687726e-160,2.371422782815704606e-160,-7.500000000000001110e-01,-1.249999999999999778e+00,9.644400278813347585e-162,1.369069758740866761e-163,7.500000000000000000e-01,1.250000000000000000e+00
6.249769402313000272e-162,0.000000000000000000e+00,-4.000000000000000000e+01,-4.000000000000000000e+01,1.742839813232421875e-04,4.000000000000000000e+00,5.000000000000000000e+00,1.095277122256343231e-161,1.185711391407858620e-161,-7.500000000000001110e-01,-1.249999999999999778e+00,4.822200139406681689e-163,6.845348793704358483e-165,7.500000000000001110e-01,1.249999999999999778e+00
3.124884701156506552e-163,0.000000000000000000e+00,-4.000000000000000000e+01,-4.000000000000000000e+01,4.324913024902343750e-04,4.000000000000000000e+00,5.000000000000000000e+00,5.476385611281731949e-163,5.928556957039304947e-163,-7.500000000000001110e-01,-1.249999999999999778e+00,2.411100069703343312e-164,3.422674396852179241e-166,7.500000000000000000e-01,1.249999999999999778e+00
1.562442350578253739e-164,0.000000000000000000e+00,-4.000000000000000000e+01,-4.000000000000000000e+01,2.520084381103515625e-04,4.000000000000000000e+00,5.000000000000000000e+00,2.738192805640868442e-164,2.964278478519652474e-164,-7.500000000000001110e-01,-1.249999999999999778e+00,1.205550034851670885e-165,1.711337198426092031e-167,7.500000000000000000e-01,1.249999999999999778e+00
7.812211752891280261e-166,0.000000000000000000e+00,-4.000000000000000000e+01,-4.000000000000000000e+01,2.365112304687500000e-04,4.000000000000000000e+00,5.000000000000000000e+00,1.369096402820433450e-165,1.482139239259830093e-165,-7.500000000000001110e-01,-1.249999999999999778e+00,6.027750174258364065e-167,8.556685992130478981e-169,7.500000000000001110e-01,1.249999999999999778e+00
3.906105876445644348e-167,0.000000000000000000e+00,-4.000000000000000000e+01,-4.000000000000000000e+01,2.243518829345703125e-04,4.000000000000000000e+00,5.000000000000000000e+00,6.845482014102176890e-167,7.410696196299155283e-167,-7.500000000000001110e-01,-1.249999999999999778e+00,3.013875087129188057e-168,4.278342996065246551e-170,7.500000000000001110e-01,1.249999999999999778e+00
1.953052938222822268e-168,0.000000000000000000e+00,-4.000000000000000000e+01,-4.000000000000000000e+01,3.128051757812500000e-04,4.000000000000000000e+00,5.000000000000000000e+00,3.422741007051089951e-168,3.705348098149577642e-168,-7.500000000000001110e-01,-1.249999999999999778e+00,1.506937543564593087e-169,2.139171498032627688e-171,7.500000000000001110e-01,1.249999999999999778e+00
9.765264691114140464e-170,0.000000000000000000e+00,-4.000000000000000000e+01,-4.000000000000000000e+01,3.092288970947265625e-04,4.000000000000000000e+00,5.000000000000000000e+00,1.711370503525553448e-169,1.852674049074791645e-169,-7.500000000000001110e-01,-1.249999999999999778e+00,7.534687717823000738e-171,1.069585749016317981e-172,7.500000000000000000e-01,1.250000000000000000e+00
4.882632345557100386e-171,0.000000000000000000e+00,-4.000000000000000000e+01,-4.000000000000000000e+01,2.093315124511718750e-04,4.000000000000000000e+00,5.000000000000000000e+00,8.556852517627784891e-171,9.263370245374040595e-171,-7.500000000000001110e-01,-1.249999999999999778e+00,3.767343858911516916e-172,5.347928745081612887e-174,7.500000000000001110e-01,1.249999999999999778e+00
2.441316172778557892e-172,0.000000000000000000e+00,-4.000000000000000000e+01,-4.000000000000000000e+01,2.367496490478515625e-04,4.000000000000000000e+00,5.000000000000000000e+00,4.278426258813912670e-172,4.631685122687031329e-172,-7.500000000000001110e-01,-1.249999999999999778e+00,1.883671929455760756e-173,2.673964372540810035e-175,7.500000000000000000e-01,1.249999999999999778e+00
1.220658086389281460e-173,0.000000000000000000e+00,-4.000000000000000000e+01,-4.000000000000000000e+01,1.974105834960937500e-04,4.000000000000000000e+00,5.000000000000000000e+00,2.139213129406956335e-173,2.315842561343522559e-173,-7.500000000000001110e-01,-1.249999999999999778e+00,9.418359647278839693e-175,1.336982186270409506e-176,7.500000000000001110e-01,1.249999999999999778e+00
6.103290431946424581e-175,0.000000000000000000e+00,-4.000000000000000000e+01,-4.000000000000000000e+01,2.751350402832031250e-04,4.000000000000000000e+00,5.000000000000000000e+00,1.069606564703486068e-174,1.157921280671761280e-174,-7.500000000000001110e-01,-1.249999999999999778e+00,4.709179823639440046e-176,6.684910931352065065e-178,7.500000000000000000e-01,1.250000000000000000e+00
3.051645215973224915e-176,0.000000000000000000e+00,-4.000000000000000000e+01,-4.000000000000000000e+01,2.422332763671875000e-04,4.000000000000000000e+00,5.000000000000000000e+00,5.348032823517439317e-176,5.789606403358842309e-176,-7.500000000000001110e-01,-1.249999999999999778e+00,2.354589911819721426e-177,3.342455465676034725e-179,7.500000000000000000e-01,1.249999999999999778e+00
1.525822607986617543e-177,0.000000000000000000e+00,-4.000000000000000000e+01,-4.000000000000000000e+01,2.229213714599609375e-04,4.000000000000000000e+00,5.000000000000000000e+00,2.674016411758722464e-177,2.894803201679433779e-177,-7.500000000000001110e-01,-1.249999999999999778e+00,1.177294955909865097e-178,1.671227732838028321e-180,7.500000000000002220e-01,1.249999999999999778e+00
7.629113039933115659e-179,0.000000000000000000e+00,-4.000000000000000000e+01,-4.000000000000000000e+01,2.222061157226562500e-04,4.000000000000000000e+00,5.000000000000000000e+00,1.337008205879370876e-178,1.447401600839718643e-178,-7.500000000000001110e-01,-1.249999999999999778e+00,5.886474779549366579e-180,8.356138664190205820e-182,7.500000000000002220e-01,1.250000000000000000e+00
3.814556519966569045e-180,0.000000000000000000e+00,-4.000000000000000000e+01,-4.000000000000000000e+01,3.476142883300781250e-04,4.000000000000000000e+00,5.000000000000000000e+00,6.685041029396859859e-180,7.237008004198626093e-180,-7.500000000000001110e-01,-1.249999999999999778e+00,2.943237389774683290e-181,4.178069332095110937e-183,7.500000000000002220e-01,1.249999999999999778e+00
1.907278259983289874e-181,0.000000000000000000e+00,-4.000000000000000000e+01,-4.000000000000000000e+01,3.757476806640625000e-04,4.000000000000000000e+00,5.000000000000000000e+00,3.342520514698443629e-181,3.618504002099319896e-181,-7.500000000000001110e-01,-1.249999999999999778e+00,1.471618694887348066e-182,2.089034666047565502e-184,7.500000000000002220e-01,1.250000000000000000e+00
9.536391299916490839e-183,0.000000000000000000e+00,-4.000000000000000000e+01,-4.000000000000000000e+01,4.031658172607421875e-04,4.000000000000000000e+00,5.000000000000000000e+00,1.671260257349235727e-182,1.809252001049664229e-182,-7.500000000000001110e-01,-1.249999999999999778e+00,7.358093474436747019e-184,1.044517333023784318e-185,7.500000000000001110e-01,1.250000000000000000e+00
4.768195649958270921e-184,0.000000000000000000e+00,-4.000000000000000000e+01,-4.000000000000000000e+01,3.433227539062500000e-04,4.000000000000000000e+00,5.000000000000000000e+00,8.356301286746232147e-184,9.046260005248374655e-184,-7.500000000000001110e-01,-1.249999999999999778e+00,3.679046737218375600e-185,5.222586665118931391e-187,7.500000000000000000e-01,1.249999999999999778e+00
2.384097824979136506e-185,0.000000000000000000e+00,-4.000000000000000000e+01,-4.000000000000000000e+01,3.468990325927734375e-04,4.000000000000000000e+00,5.000000000000000000e+00,4.178150643373118164e-185,4.523130002624187328e-185,-7.500000000000001110e-01,-1.249999999999999778e+00,1.839523368609191719e-186,2.611293332559463654e-188,7.500000000000000000e-01,1.249999999999999778e+00
1.192048912489570947e-186,0.000000000000000000e+00,-4.000000000000000000e+01,-4.000000000000000000e+01,3.559589385986328125e-04,4.000000000000000000e+00,5.000000000000000000e+00,2.089075321686561695e-186,2.261565001312098889e-186,-7.500000000000001110e-01,-1.249999999999999778e+00,9.197616843045995339e-188,1.305646666279734379e-189,7.500000000000001110e-01,1.249999999999999778e+00
5.960244562447869791e-188,0.000000000000000000e+00,-4.000000000000000000e+01,-4.000000000000000000e+01,3.478527069091796875e-04,4.000000000000000000e+00,5.000000000000000000e+00,1.044537660843287379e-187,1.130782500656050261e-187,-7.500000000000001110e-01,-1.249999999999999778e+00,4.598808421523007876e-189,6.528233331398667906e-191,7.500000000000000000e-01,1.249999999999999778e+00
2.980122281223940796e-189,0.000000000000000000e+00,-4.000000000000000000e+01,-4.000000000000000000e+01,4.200935363769531250e-04,4.000000000000000000e+00,5.000000000000000000e+00,5.222688304216447103e-189,5.653912503280264064e-189,-7.500000000000001110e-01,-1.249999999999999778e+00,2.299404210761507128e-190,3.264116665699341428e-192,7.500000000000001110e-01,1.249999999999999778e+00
1.490061140611972292e-190,0.000000000000000000e+00,-4.000000000000000000e+01,-4.000000000000000000e+01,3.676414489746093750e-04,4.000000000000000000e+00,5.000000000000000000e+00,2.611344152108231525e-190,2.826956251640132032e-190,-7.500000000000001110e-01,-1.249999999999999778e+00,1.149702105380755557e-191,1.632058332849673050e-193,7.500000000000000000e-01,1.249999999999999778e+00
7.450305703059882016e-192,0.000000000000000000e+00,-4.000000000000000000e+01,-4.000000000000000000e+01,3.831386566162109375e-04,4.000000000000000000e+00,5.000000000000000000e+00,1.305672076054119750e-191,1.413478125820069006e-191,-7.500000000000001110e-01,-1.249999999999999778e+00,5.748510526903805819e-193,8.160291664248413919e-195,7.500000000000002220e-01,1.250000000000000000e+00
3.725152851529956193e-193,0.000000000000000000e+00,-4.000000000000000000e+01,-4.000000000000000000e+01,3.638267517089843750e-04,4.000000000000000000e+00,5.000000000000000000e+00,6.528360380270623666e-193,7.067390629100379293e-193,-7.500000000000001110e-01,-1.249999999999999778e+00,2.874255263451906803e-194,4.080145832124210001e-196,7.500000000000001110e-01,1.249999999999999778e+00
1.862576425764986187e-194,0.000000000000000000e+00,-4.000000000000000000e+01,-4.000000000000000000e+01,3.616809844970703125e-04,4.000000000000000000e+00,5.000000000000000000e+00,3.264180190135313780e-194,3.533695314550213007e-194,-7.500000000000001110e-01,-1.249999999999999778e+00,1.437127631725957052e-195,2.040072916062112605e-197,7.500000000000001110e-01,1.249999999999999778e+00
9.312882128824977704e-196,0.000000000000000000e+00,-4.000000000000000000e+01,-4.000000000000000000e+01,2.827644348144531250e-04,4.000000000000000000e+00,5.000000000000000000e+00,1.632090095067669057e-195,1.766847657275112587e-195,-7.500000000000001110e-01,-1.249999999999999778e+00,7.185638158629827082e-197,1.020036458031060461e-198,7.500000000000000000e-01,1.250000000000000000e+00
4.656441064412504536e-197,0.000000000000000000e+00,-4.000000000000000000e+01,-4.000000000000000000e+01,2.624988555908203125e-04,4.000000000000000000e+00,5.000000000000000000e+00,8.160450475338360493e-197,8.834238286375604760e-197,-7.500000000000001110e-01,-1.249999999999999778e+00,3.592819079314918294e-198,5.100182290155302306e-200,7.500000000000000000e-01,1.249999999999999778e+00
2.328220532206254347e-198,0.000000000000000000e+00,-4.000000000000000000e+01,-4.000000000000000000e+01,2.207756042480468750e-04,4.000000000000000000e+00,5.000000000000000000e+00,4.080225237669187376e-198,4.417119143187802380e-198,-7.500000000000001110e-01,-1.249999999999999778e+00,1.796409539657463602e-199,2.550091145077654634e-201,7.500000000000000000e-01,1.249999999999999778e+00
1.164110266103126802e-199,0.000000000000000000e+00,-4.000000000000000000e+01,-4.000000000000000000e+01,2.508163452148437500e-04,4.000000000000000000e+00,5.000000000000000000e+00,2.040112618834592203e-199,2.208559571593901190e-199,-7.500000000000001110e-01,-1.249999999999999778e+00,8.982047698287336578e-201,1.275045572538828767e-202,7.500000000000000000e-01,1.249999999999999778e+00
5.820551330515633286e-201,0.000000000000000000e+00,-4.000000000000000000e+01,-4.000000000000000000e+01,3.039836883544921875e-04,4.000000000000000000e+00,5.000000000000000000e+00,1.020056309417296565e-200,1.104279785796949667e-200,-7.500000000000001110e-01,-1.249999999999999778e+00,4.491023849143676991e-202,6.375227862694157435e-204,7.500000000000000000e-01,1.249999999999999778e+00
2.910275665257820632e-202,0.000000000000000000e+00,-4.000000000000000000e+01,-4.000000000000000000e+01,2.715587615966796875e-04,4.000000000000000000e+00,5.000000000000000000e+00,5.100281547086485728e-202,5.521398928984759937e-202,-7.500000000000001110e-01,-1.249999999999999778e+00,2.245511924571836683e-203,3.187613931347082967e-205,7.500000000000000000e-01,1.249999999999999778e+00
1.455137832628914905e-203,0.000000000000000000e+00,-4.000000000000000000e+01,-4.000000000000000000e+01,2.381801605224609375e-04,4.000000000000000000e+00,5.000000000000000000e+00,2.550140773543244677e-203,2.760699464492390847e-203,-7.500000000000001110e-01,-1.249999999999999778e+00,1.122755962285924574e-204,1.593806965673552106e-206,7.500000000000002220e-01,1.249999999999999778e+00
7.275689163144590283e-205,0.000000000000000000e+00,-4.000000000000000000e+01,-4.000000000000000000e+01,3.466606140136718750e-04,4.000000000000000000e+00,5.000000000000000000e+00,1.275070386771624038e-204,1.380349732246198823e-204,-7.500000000000001110e-01,-1.249999999999999778e+00,5.613779811429644114e-206,7.969034828367788197e-208,7.500000000000003331e-01,1.249999999999999778e+00
3.637844581572309306e-206,0.000000000000000000e+00,-4.000000000000000000e+01,-4.000000000000000000e+01,2.572536468505859375e-04,4.000000000000000000e+00,5.000000000000000000e+00,6.375351933858152061e-206,6.901748661231018901e-206,-7.500000000000001110e-01,-1.249999999999999778e+00,2.806889905714819844e-207,3.984517414183894098e-209,7.500000000000002220e-01,1.249999999999999778e+00
1.818922290786157696e-207,0.000000000000000000e+00,-4.000000000000000000e+01,-4.000000000000000000e+01,2.174377441406250000e-04,4.000000000000000000e+00,5.000000000000000000e+00,3.187675966929080457e-207,3.450874330615516090e-207,-7.500000000000001110e-01,-1.249999999999999778e+00,1.403444952857412688e-208,1.992258707091950291e-210,7.500000000000002220e-01,1.249999999999999778e+00
9.094611453930804474e-209,0.000000000000000000e+00,-4.000000000000000000e+01,-4.000000000000000000e+01,4.053115844726562500e-04,4.000000000000000000e+00,5.000000000000000000e+00,1.593837983464548528e-208,1.725437165307758045e-208,-7.500000000000001110e-01,-1.249999999999999778e+00,7.017224764287076410e-210,9.961293535459751456e-212,7.500000000000001110e-01,1.249999999999999778e+00
4.547305726965408586e-210,0.000000000000000000e+00,-4.000000000000000000e+01,-4.000000000000000000e+01,3.244876861572265625e-04,4.000000000000000000e+00,5.000000000000000000e+00,7.969189917322764251e-210,8.627185826538798870e-210,-7.500000000000001110e-01,-1.249999999999999778e+00,3.508612382143535503e-211,4.980646767729879949e-213,7.500000000000000000e-01,1.249999999999999778e+00
2.273652863482703449e-211,0.000000000000000000e+00,-4.000000000000000000e+01,-4.000000000000000000e+01,2.415180206298828125e-04,4.000000000000000000e+00,5.000000000000000000e+00,3.984594958661379424e-211,4.313592913269396733e-211,-7.500000000000001110e-01,-1.249999999999999778e+00,1.754306191071771129e-212,2.490323383864945251e-214,7.500000000000000000e-01,1.249999999999999778e+00
1.136826431741351487e-212,0.000000000000000000e+00,-4.000000000000000000e+01,-4.000000000000000000e+01,2.272129058837890625e-04,4.000000000000000000e+00,5.000000000000000000e+00,1.992297479330692245e-212,2.156796456634696678e-212,-7.500000000000001110e-01,-1.249999999999999778e+00,8.771530955358850367e-214,1.245161691932474275e-215,7.500000000000000000e-01,1.249999999999999778e+00
5.684132158706767658e-214,0.000000000000000000e+00,-4.000000000000000000e+01,-4.000000000000000000e+01,4.014968872070312500e-04,4.000000000000000000e+00,5.000000000000000000e+00,9.961487396653455947e-214,1.078398228317351505e-213,-7.500000000000001110e-01,-1.249999999999999778e+00,4.385765477679435077e-215,6.225808459662397137e-217,7.500000000000001110e-01,1.249999999999999778e+00
2.842066079353388776e-215,0.000000000000000000e+00,-4.000000000000000000e+01,-4.000000000000000000e+01,2.818107604980468750e-04,4.000000000000000000e+00,5.000000000000000000e+00,4.980743698326737867e-215,5.391991141586764121e-215,-7.500000000000001110e-01,-1.249999999999999778e+00,2.192882738839722691e-216,3.112904229831205010e-218,7.500000000000001110e-01,1.250000000000000000e+00
1.421033039676700378e-216,0.000000000000000000e+00,-4.000000000000000000e+01,-4.000000000000000000e+01,2.169609069824218750e-04,4.000000000000000000e+00,5.000000000000000000e+00,2.490371849163375117e-216,2.695995570793398550e-216,-7.500000000000001110e-01,-1.249999999999999778e+00,1.096441369419861346e-217,1.556452114915605524e-219,7.500000000000001110e-01,1.249999999999999778e+00
7.105165198383508734e-218,0.000000000000000000e+00,-4.000000000000000000e+01,-4.000000000000000000e+01,2.272129058837890625e-04,4.000000000000000000e+00,5.000000000000000000e+00,1.245185924581690135e-217,1.347997785396699919e-217,-7.500000000000001110e-01,-1.249999999999999778e+00,5.482206847099306729e-219,7.782260574578033911e-221,7.500000000000001110e-01,1.249999999999999778e+00
3.552582599191760909e-219,0.000000000000000000e+00,-4.000000000000000000e+01,-4.000000000000000000e+01,2.653598785400390625e-04,4.000000000000000000e+00,5.000000000000000000e+00,6.225929622908458727e-219,6.739988926983511672e-219,-7.500000000000001110e-01,-1.249999999999999778e+00,2.741103423549660912e-220,3.891130287289028750e-222,7.500000000000001110e-01,1.249999999999999778e+00
1.776291299595883285e-220,0.000000000000000000e+00,-4.000000000000000000e+01,-4.000000000000000000e+01,4.613399505615234375e-04,4.000000000000000000e+00,5.000000000000000000e+00,3.112964811454234395e-220,3.369994463491760868e-220,-7.500000000000001110e-01,-1.249999999999999778e+00,1.370551711774833601e-221,1.945565143644516832e-223,7.500000000000001110e-01,1.249999999999999778e+00
8.881456497979430676e-222,0.000000000000000000e+00,-4.000000000000000000e+01,-4.000000000000000000e+01,2.918243408203125000e-04,4.000000000000000000e+00,5.000000000000000000e+00,1.556482405727124274e-221,1.684997231745881220e-221,-7.500000000000001110e-01,-1.249999999999999778e+00,6.852758558874163093e-223,9.727825718222599516e-225,7.500000000000000000e-01,1.249999999999999778e+00
4.440728248989724399e-223,0.000000000000000000e+00,-4.000000000000000000e+01,-4.000000000000000000e+01,2.429485321044921875e-04,4.000000000000000000e+00,5.000000000000000000e+00,7.782412028635611542e-223,8.424986158729435587e-223,-7.500000000000001110e-01,-1.249999999999999778e+00,3.426379279437095367e-224,4.863912859111314155e-226,7.500000000000001110e-01,1.249999999999999778e+00
2.220364124494862871e-224,0.000000000000000000e+00,-4.000000000000000000e+01,-4.000000000000000000e+01,2.522468566894531250e-04,4.000000000000000000e+00,5.000000000000000000e+00,3.891206014317814985e-224,4.212493079364714722e-224,-7.500000000000001110e-01,-1.249999999999999778e+00,1.713189639718548644e-225,2.431956429555660077e-227,7.500000000000001110e-01,1.249999999999999778e+00
1.110182062247432695e-225,0.000000000000000000e+00,-4.000000000000000000e+01,-4.000000000000000000e+01,2.191066741943359375e-04,4.000000000000000000e+00,5.000000000000000000e+00,1.945603007158913252e-225,2.106246539682358321e-225,-7.500000000000001110e-01,-1.249999999999999778e+00,8.565948198592743218e-227,1.215978214777831913e-228,7.500000000000000000e-01,1.249999999999999778e+00
5.550910311237169476e-227,0.000000000000000000e+00,-4.000000000000000000e+01,-4.000000000000000000e+01,2.398490905761718750e-04,4.000000000000000000e+00,5.000000000000000000e+00,9.728015035794566258e-227,1.053123269841180960e-226,-7.500000000000001110e-01,-1.249999999999999778e+00,4.282974099296373483e-228,6.079891073889168353e-230,7.500000000000000000e-01,1.249999999999999778e+00
2.775455155618595048e-228,0.000000000000000000e+00,-4.000000000000000000e+01,-4.000000000000000000e+01,3.845691680908203125e-04,4.000000000000000000e+00,5.000000000000000000e+00,4.864007517897290627e-228,5.265616349205927296e-228,-7.500000000000001110e-01,-1.249999999999999778e+00,2.141487049648199630e-229,3.039945536944604314e-231,7.500000000000002220e-01,1.249999999999999778e+00
1.387727577809301332e-229,0.000000000000000000e+00,-4.000000000000000000e+01,-4.000000000000000000e+01,2.260208129882812500e-04,4.000000000000000000e+00,5.000000000000000000e+00,2.432003758948650000e-229,2.632808174602971849e-229,-7.500000000000001110e-01,-1.249999999999999778e+00,1.070743524824103476e-230,1.519972768472305590e-232,7.500000000000003331e-01,1.249999999999999778e+00
6.938637889046521305e-231,0.000000000000000000e+00,-4.000000000000000000e+01,-4.000000000000000000e+01,2.033710479736328125e-04,4.000000000000000000e+00,5.000000000000000000e+00,1.216001879474331591e-230,1.316404087301486657e-230,-7.500000000000001110e-01,-1.249999999999999778e+00,5.353717624120519670e-232,7.599863842361531523e-234,7.500000000000002220e-01,1.249999999999999778e+00
3.469318944523269520e-232,0.000000000000000000e+00,-4.000000000000000000e+01,-4.000000000000000000e+01,3.166198730468750000e-04,4.000000000000000000e+00,5.000000000000000000e+00,6.080009397371653376e-232,6.582020436507465322e-232,-7.500000000000001110e-01,-1.249999999999999778e+00,2.676858812060264125e-233,3.799931921180765762e-235,7.500000000000002220e-01,1.249999999999999556e+00
1.734659472261635430e-233,0.000000000000000000e+00,-4.000000000000000000e+01,-4.000000000000000000e+01,3.077983856201171875e-04,4.000000000000000000e+00,5.000000000000000000e+00,3.040004698685829548e-233,3.291010218253732661e-233,-7.500000000000001110e-01,-1.249999999999999778e+00,1.338429406030132063e-234,1.899965960590384278e-236,7.500000000000002220e-01,1.249999999999999556e+00
8.673297361308201734e-235,0.000000000000000000e+00,-4.000000000000000000e+01,-4.000000000000000000e+01,2.467632293701171875e-04,4.000000000000000000e+00,5.000000000000000000e+00,1.520002349342921031e-234,1.645505109126868118e-234,-7.500000000000001110e-01,-1.249999999999999778e+00,6.692147030150705008e-236,9.499829802951965035e-238,7.500000000000002220e-01,1.250000000000000000e+00
4.336648680654108723e-236,0.000000000000000000e+00,-4.000000000000000000e+01,-4.000000000000000000e+01,2.305507659912109375e-04,4.000000000000000000e+00,5.000000000000000000e+00,7.600011746714610744e-236,8.227525545634362939e-236,-7.500000000000001110e-01,-1.249999999999999778e+00,3.346073515075359488e-237,4.749914901475982517e-239,7.500000000000002220e-01,1.249999999999999778e+00
2.168324340327059436e-237,0.000000000000000000e+00,-4.000000000000000000e+01,-4.000000000000000000e+01,2.901554107666015625e-04,4.000000000000000000e+00,5.000000000000000000e+00,3.800005873357326323e-237,4.113762772817184961e-237,-7.500000000000001110e-01,-1.249999999999999778e+00,1.673036757537683017e-238,2.374957450737992964e-240,7.500000000000000000e-01,1.249999999999999778e+00
1.084162170163531389e-238,0.000000000000000000e+00,-4.000000000000000000e+01,-4.000000000000000000e+01,2.965927124023437500e-04,4.000000000000000000e+00,5.000000000000000000e+00,1.900002936678667526e-238,2.056881386408594663e-238,-7.500000000000001110e-01,-1.249999999999999778e+00,8.365183787688421906e-240,1.187478725368997015e-241,7.500000000000000000e-01,1.249999999999999778e+00
5.420810850817682944e-240,0.000000000000000000e+00,-4.000000000000000000e+01,-4.000000000000000000e+01,2.624988555908203125e-04,4.000000000000000000e+00,5.000000000000000000e+00,9.500014683393358089e-240,1.028440693204303469e-239,-7.500000000000001110e-01,-1.249999999999999778e+00,4.182591893844230134e-241,5.937393626845018373e-243,7.500000000000002220e-01,1.249999999999999778e+00
2.710405425408844802e-241,0.000000000000000000e+00,-4.000000000000000000e+01,-4.000000000000000000e+01,2.489089965820312500e-04,4.000000000000000000e+00,5.000000000000000000e+00,4.750007341696698225e-241,5.142203466021517346e-241,-7.500000000000001110e-01,-1.249999999999999778e+00,2.091295946922116399e-242,2.968696813422507105e-244,7.500000000000001110e-01,1.249999999999999778e+00
1.355202712704424524e-242,0.000000000000000000e+00,-4.000000000000000000e+01,-4.000000000000000000e+01,2.129077911376953125e-04,4.000000000000000000e+00,5.000000000000000000e+00,2.375003670848359769e-242,2.571101733010758673e-242,-7.500000000000001110e-01,-1.249999999999999778e+00,1.045647973461059864e-243,1.484348406711254853e-245,7.500000000000000000e-01,1.249999999999999778e+00
6.776013563522128863e-244,0.000000000000000000e+00,-4.000000000000000000e+01,-4.000000000000000000e+01,2.264976501464843750e-04,4.000000000000000000e+00,5.000000000000000000e+00,1.187501835424184047e-243,1.285550866505378504e-243,-7.500000000000001110e-01,-1.249999999999999778e+00,5.228239867305309729e-245,7.421742033556290527e-247,7.500000000000000000e-01,1.250000000000000000e+00
3.388006781761072887e-245,0.000000000000000000e+00,-4.000000000000000000e+01,-4.000000000000000000e+01,2.379417419433593750e-04,4.000000000000000000e+00,5.000000000000000000e+00,5.937509177120922836e-245,6.427754332526918536e-245,-7.500000000000001110e-01,-1.249999999999999778e+00,2.614119933652654864e-246,3.710871016778152885e-248,7.500000000000000000e-01,1.249999999999999778e+00
1.694003390880537256e-246,0.000000000000000000e+00,-4.000000000000000000e+01,-4.000000000000000000e+01,2.305507659912109375e-04,4.000000000000000000e+00,5.000000000000000000e+00,2.968754588560464670e-246,3.213877166263459268e-246,-7.500000000000001110e-01,-1.249999999999999778e+00,1.307059966826329465e-247,1.855435508389078030e-249,7.500000000000000000e-01,1.249999999999999778e+00
8.470016954402711370e-248,0.000000000000000000e+00,-4.000000000000000000e+01,-4.000000000000000000e+01,2.119541168212890625e-04,4.000000000000000000e+00,5.000000000000000000e+00,1.484377294280240465e-247,1.606938583131730650e-247,-7.500000000000001110e-01,-1.249999999999999778e+00,6.535299834131701311e-249,9.277177541945449697e-251,7.500000000000001110e-01,1.250000000000000000e+00
4.235008477201365212e-249,0.000000000000000000e+00,-4.000000000000000000e+01,-4.000000000000000000e+01,3.309249877929687500e-04,4.000000000000000000e+00,5.000000000000000000e+00,7.421886471401211851e-249,8.034692915658678657e-249,-7.500000000000001110e-01,-1.249999999999999778e+00,3.267649917065850655e-250,4.638588770972724849e-252,7.500000000000001110e-01,1.249999999999999778e+00
2.117504238600682854e-250,0.000000000000000000e+00,-4.000000000000000000e+01,-4.000000000000000000e+01,3.077983856201171875e-04,4.000000000000000000e+00,5.000000000000000000e+00,3.710943235700605926e-250,4.017346457829339329e-250,-7.500000000000001110e-01,-1.249999999999999778e+00,1.633824958532929049e-251,2.319294385486368239e-253,7.500000000000001110e-01,1.249999999999999778e+00
1.058752119300342861e-251,0.000000000000000000e+00,-4.000000000000000000e+01,-4.000000000000000000e+01,3.528594970703125000e-04,4.000000000000000000e+00,5.000000000000000000e+00,1.855471617850311646e-251,2.008673228914668424e-251,-7.500000000000001110e-01,-1.249999999999999778e+00,8.169124792664660753e-253,1.159647192743184725e-254,7.500000000000000000e-01,1.249999999999999778e+00
5.293760596501738657e-253,0.000000000000000000e+00,-4.000000000000000000e+01,-4.000000000000000000e+01,2.291202545166015625e-04,4.000000000000000000e+00,5.000000000000000000e+00,9.277358089251573739e-253,1.004336614457340414e-252,-7.500000000000001110e-01,-1.249999999999999778e+00,4.084562396332349759e-254,5.798235963715950127e-256,7.500000000000002220e-01,1.249999999999999778e+00
2.646880298250872736e-254,0.000000000000000000e+00,-4.000000000000000000e+01,-4.000000000000000000e+01,2.176761627197265625e-04,4.000000000000000000e+00,5.000000000000000000e+00,4.638679044625796561e-254,5.021683072286706918e-254,-7.500000000000001110e-01,-1.249999999999999778e+00,2.042281198166174880e-255,2.899117981857979796e-257,7.500000000000002220e-01,1.249999999999999778e+00
1.323440149125441005e-255,0.000000000000000000e+00,-4.000000000000000000e+01,-4.000000000000000000e+01,2.026557922363281250e-04,4.000000000000000000e+00,5.000000000000000000e+00,2.319339522312916452e-255,2.510841536143356488e-255,-7.500000000000001110e-01,-1.249999999999999778e+00,1.021140599083090752e-256,1.449558990928992855e-258,7.500000000000001110e-01,1.250000000000000000e+00
